{"acc": [0.0011770244821092278, 0.0023540489642184556, 0.002824858757062147, 0.002824858757062147, 0.003295668549905838, 0.00211864406779661, 0.002354048965972359, 0.003295668549905838, 0.001647834274952919, 0.003295668551659741, 0.005178907721280603, 0.0049435028248587575, 0.002354048965972359, 0.00423728813559322, 0.004708097928436911, 0.00494350282661266, 0.004472693003952616, 0.005885122382483689, 0.004472693033768969, 0.005414312619456352, 0.008474576274694248, 0.005649717514124294, 0.005649717515878197, 0.004708097928436911, 0.005649717515878197, 0.006120527308721888, 0.0051789077230345055, 0.006120527308721888, 0.0063559322051437335, 0.006826741997987425, 0.0049435028248587575, 0.007062146896163173, 0.006826741996233522, 0.0056497175176321, 0.00800376647834275, 0.006120527306967985, 0.008474576274694248, 0.005885122412300043, 0.0075329566872529615, 0.007297551789077213, 0.007768361581920904, 0.008945386064030132, 0.007532956685499058, 0.007297551790831116, 0.007297551789077213, 0.007297551790831116, 0.010122410553154972, 0.005885122412300043, 0.010357815442561206, 0.007532956689006865, 0.00776836158542871, 0.007062146892655367, 0.008709981167608287, 0.006826741999741328, 0.007062146894409271, 0.008474576274694248, 0.009887005651471418, 0.009416195856873822, 0.007532956657436608, 0.010122410547893262, 0.009180790963959783, 0.00800376647834275, 0.009887005651471418, 0.009180790932389526, 0.010122410549647166, 0.010593220342490857, 0.011064030138842355, 0.012005649719268027, 0.009651600755049571, 0.011534839928178239, 0.009887005649717515, 0.010357815414498754, 0.007532956685499058, 0.010357815446069011, 0.007297551790831116, 0.009651600753295669, 0.007532956685499058, 0.010828625277498572, 0.011064030133580646, 0.010357815414498754, 0.010593220342490857, 0.011534839928178239, 0.011770244824600085, 0.012241054620951583, 0.012476459517373428, 0.01224105461393597, 0.010593220340736955, 0.011770244828107892, 0.011770244822846183, 0.008239171376518499, 0.011534839926424336, 0.010357815442561206, 0.014359698685240386, 0.008709981171116092, 0.011534839926424336, 0.010357815414498754, 0.012476459513865622, 0.012711864410287467, 0.012476459512111718, 0.0112994350352642], "loss": [7.112164108542174, 6.9057600511669435, 6.899070842117913, 6.892755619774655, 6.883101667163511, 6.869717532407542, 6.8550437964962025, 6.836062009276194, 6.799704344259143, 6.772645767125706, 6.736193843705057, 6.703113541540229, 6.684285861624163, 6.675441104364485, 6.634304902423349, 6.61671787197307, 6.611307443198511, 6.58989415285502, 6.573765319170476, 6.557249885494426, 6.535526044849173, 6.51941747809085, 6.499898340293468, 6.482619951000322, 6.471524814203409, 6.4442800110567315, 6.453458088265974, 6.412378603006712, 6.396245928582948, 6.398157346944576, 6.372469078574028, 6.355908372307901, 6.352968498811883, 6.326853212439183, 6.309450770053037, 6.288566178970194, 6.281950515093327, 6.304560509554186, 6.275674278453245, 6.2436240316559815, 6.265732906183505, 6.233109985143227, 6.234610051085046, 6.213408612935557, 6.204929694842035, 6.183819867796817, 6.188795778486464, 6.194354760444771, 6.172763449997552, 6.159158931164643, 6.146724656925812, 6.152795548268406, 6.147981633798775, 6.142328635896442, 6.128804259830051, 6.133176835018812, 6.099654522768297, 6.10584054648764, 6.094963496687722, 6.085794622166233, 6.081722084411793, 6.078470930541303, 6.075131785398149, 6.074683633901305, 6.065795724225808, 6.066795220707321, 6.066019939163984, 6.039995059679682, 6.057316387665025, 6.032560467046533, 6.054828098713791, 6.023281894834701, 6.026293674655778, 6.007689871132486, 6.015475367422158, 6.014156229302933, 6.021162176760801, 6.0065629675338945, 5.986562037423057, 5.99063443688574, 5.996692819110418, 5.982910617821185, 5.991793619037348, 5.975187275593788, 6.001852145078267, 5.970209147746056, 5.984167878461648, 5.973327731008584, 5.9562426843661145, 5.95587500340521, 5.955150227986711, 5.964887502278761, 5.950392906275173, 5.949894949092254, 5.949569268415203, 5.946553259919592, 5.925141752102954, 5.928188244950749, 5.921095035394931, 5.931165484160802], "val_acc": [0.0, 0.0, 0.0, 0.0, 0.0, 0.00211864406779661, 0.00423728813559322, 0.00423728813559322, 0.006355932203389831, 0.006355932203389831, 0.006355932203389831, 0.006355932203389831, 0.006355932203389831, 0.006355932203389831, 0.006355932203389831, 0.006355932203389831, 0.006355932203389831, 0.006355932203389831, 0.006355932203389831, 0.006355932203389831, 0.006355932203389831, 0.006355932203389831, 0.006355932203389831, 0.006355932203389831, 0.006355932203389831, 0.00847457627118644, 0.006355932203389831, 0.006355932203389831, 0.006355932203389831, 0.008474576286971569, 0.006355932203389831, 0.010593220354768179, 0.010593220370553307, 0.010593220370553307, 0.012711864438349917, 0.014830508506146528, 0.010593220354768179, 0.01271186442256479, 0.0148305084903614, 0.016949152589728265, 0.014830508506146528, 0.016949152573943138, 0.019067796657524876, 0.019067796657524876, 0.016949152589728265, 0.023305084808903226, 0.016949152589728265, 0.021186440741106614, 0.023305084808903226, 0.023305084808903226, 0.023305084808903226, 0.019067796657524876, 0.016949152573943138, 0.014830508506146528, 0.021186440741106614, 0.025423728876699834, 0.02754237291292619, 0.016949152573943138, 0.019067796657524876, 0.019067796657524876, 0.016949152573943138, 0.019067796657524876, 0.021186440725321488, 0.023305084808903226, 0.021186440725321488, 0.019067796657524876, 0.014830508506146528, 0.016949152573943138, 0.019067796657524876, 0.021186440741106614, 0.016949152573943138, 0.01694915255815801, 0.01271186442256479, 0.016949152573943138, 0.01271186442256479, 0.016949152589728265, 0.021186440725321488, 0.021186440741106614, 0.025423728860914707, 0.01694915255815801, 0.016949152573943138, 0.019067796657524876, 0.023305084808903226, 0.021186440741106614, 0.021186440741106614, 0.021186440741106614, 0.019067796657524876, 0.023305084793118096, 0.023305084793118096, 0.01906779664173975, 0.021186440741106614, 0.021186440741106614, 0.027542372944496445, 0.016949152589728265, 0.021186440709536358, 0.016949152573943138, 0.021186440709536358, 0.021186440725321488, 0.021186440725321488, 0.021186440709536358],